product_name,release_channel,throttle
WaterWolf,Nightly,1.00000000000000000000
WaterWolf,Aurora,1.00000000000000000000
WaterWolf,Beta,1.00000000000000000000
WaterWolf,Release,0.10000000000000000000
